{"epochs": [10, 20, 30, 40, 50, 60, 70, 80, 90, 100, 110, 120, 130, 140, 150, 160, 170, 180, 190, 200], "train_loss": [1.9009684324264526, 1.3795597553253174, 1.11527681350708, 0.9638381004333496, 0.8627272248268127, 0.7876984477043152, 0.7306804656982422, 0.6850182414054871, 0.6472529172897339, 0.6156238317489624, 0.5881708860397339, 0.563931405544281, 0.5415392518043518, 0.5215054154396057, 0.5034963488578796, 0.4865030348300934, 0.4705294072628021, 0.4558112621307373, 0.4423384666442871, 0.4297361373901367], "train_accuracy": [0.5526833534240723, 0.6622833609580994, 0.696399986743927, 0.7284666895866394, 0.755649983882904, 0.7745166420936584, 0.7884500026702881, 0.8005833625793457, 0.8117166757583618, 0.8211666941642761, 0.8290333151817322, 0.836650013923645, 0.8432166576385498, 0.8481333255767822, 0.8530833125114441, 0.8579166531562805, 0.8627166748046875, 0.8668000102043152, 0.8707500100135803, 0.8745833039283752], "test_loss": [2.028573513031006, 1.6922870874404907, 1.5125056505203247, 1.3956420421600342, 1.310032606124878, 1.2433096170425415, 1.1891940832138062, 1.1450893878936768, 1.1064015626907349, 1.0704694986343384, 1.0396971702575684, 1.0108648538589478, 0.9834966659545898, 0.9593343734741211, 0.9373670816421509, 0.9170235395431519, 0.894432008266449, 0.8763045072555542, 0.858553409576416, 0.8420978784561157], "test_accuracy": [0.4154999852180481, 0.5026000142097473, 0.5353000164031982, 0.5687999725341797, 0.5979999899864197, 0.620199978351593, 0.6360999941825867, 0.6480000019073486, 0.6570000052452087, 0.6646999716758728, 0.6736999750137329, 0.6812000274658203, 0.6905999779701233, 0.6978999972343445, 0.7049000263214111, 0.7096999883651733, 0.7152000069618225, 0.7206000089645386, 0.7250000238418579, 0.7317000031471252]}