{
    "epochs": [
        10,
        20,
        30,
        40,
        50,
        60,
        70,
        80,
        90,
        100,
        110,
        120,
        130,
        140,
        150,
        160,
        170,
        180,
        190,
        200,
        210,
        220,
        230,
        240,
        250,
        260,
        270,
        280,
        290,
        300,
        310,
        320,
        330,
        340,
        350,
        360,
        370,
        380,
        390,
        400,
        410,
        420,
        430,
        440,
        450,
        460,
        470,
        480,
        490,
        500,
        510,
        520,
        530,
        540,
        550,
        560,
        570,
        580,
        590,
        600,
        610,
        620,
        630,
        640,
        650,
        660,
        670,
        680,
        690,
        700,
        710,
        720,
        730,
        740,
        750,
        760,
        770,
        780,
        790,
        800,
        810,
        820,
        830,
        840,
        850,
        860,
        870,
        880,
        890,
        900,
        910,
        920,
        930,
        940,
        950,
        960,
        970,
        980,
        990,
        1000
    ],
    "train_loss": [
        1.5127888917922974,
        0.9503927230834961,
        0.7573001980781555,
        0.6489012241363525,
        0.5754159092903137,
        0.5203641057014465,
        0.4773696959018707,
        0.441327303647995,
        0.4098395109176636,
        0.38357678055763245,
        0.36023658514022827,
        0.33996233344078064,
        0.32124748826026917,
        0.3049265444278717,
        0.29049983620643616,
        0.2770935893058777,
        0.264870822429657,
        0.25389641523361206,
        0.24359320104122162,
        0.23464985191822052,
        0.22619684040546417,
        0.21801602840423584,
        0.2106524407863617,
        0.20398977398872375,
        0.19774886965751648,
        0.19196632504463196,
        0.18613620102405548,
        0.18134495615959167,
        0.17625591158866882,
        0.17157846689224243,
        0.16748835146427155,
        0.16364553570747375,
        0.1597263365983963,
        0.1559288054704666,
        0.1527334451675415,
        0.14963749051094055,
        0.14647124707698822,
        0.14336678385734558,
        0.14065299928188324,
        0.13797609508037567,
        0.1353018432855606,
        0.1330975741147995,
        0.13051331043243408,
        0.12817898392677307,
        0.1260598599910736,
        0.12398214638233185,
        0.12194303423166275,
        0.12006601691246033,
        0.1182030439376831,
        0.11627799272537231,
        0.11452864110469818,
        0.11288096010684967,
        0.11127486079931259,
        0.10969609022140503,
        0.10812099277973175,
        0.10663552582263947,
        0.10523650795221329,
        0.10385339707136154,
        0.10237176716327667,
        0.10113459825515747,
        0.09966891258955002,
        0.0985526517033577,
        0.09742383658885956,
        0.09604878723621368,
        0.09503279626369476,
        0.093703493475914,
        0.09266124665737152,
        0.09157995134592056,
        0.09055928885936737,
        0.08957754075527191,
        0.08858051896095276,
        0.08758459985256195,
        0.0865374207496643,
        0.08558247983455658,
        0.08474984765052795,
        0.08369850367307663,
        0.08283800631761551,
        0.08210839331150055,
        0.0811845064163208,
        0.08048311620950699,
        0.07959488034248352,
        0.07877326011657715,
        0.07801251113414764,
        0.07722575217485428,
        0.07648193091154099,
        0.0758933424949646,
        0.07511937618255615,
        0.07441350817680359,
        0.07374677062034607,
        0.07301632314920425,
        0.07223857194185257,
        0.07168026268482208,
        0.07108119875192642,
        0.07050981372594833,
        0.06977792084217072,
        0.06919509917497635,
        0.06849802285432816,
        0.0679655522108078,
        0.06744427233934402,
        0.06690508872270584
    ],
    "train_accuracy": [
        0.656166672706604,
        0.7288166880607605,
        0.7784833312034607,
        0.8097833395004272,
        0.831849992275238,
        0.8477333188056946,
        0.8598499894142151,
        0.8696833252906799,
        0.878849983215332,
        0.886900007724762,
        0.8939999938011169,
        0.8994666934013367,
        0.9052166938781738,
        0.9103500247001648,
        0.9144166707992554,
        0.9187166690826416,
        0.9222000241279602,
        0.92535001039505,
        0.9286999702453613,
        0.9310333132743835,
        0.9338833093643188,
        0.9362166523933411,
        0.9381499886512756,
        0.9398333430290222,
        0.9417833089828491,
        0.9435666799545288,
        0.9451166391372681,
        0.9466666579246521,
        0.9479833245277405,
        0.9496166706085205,
        0.9506833553314209,
        0.9520166516304016,
        0.9532833099365234,
        0.9541666507720947,
        0.9551833271980286,
        0.9559833407402039,
        0.9567833542823792,
        0.9575999975204468,
        0.9586166739463806,
        0.9595999717712402,
        0.9605500102043152,
        0.9612833261489868,
        0.9618833065032959,
        0.9626500010490417,
        0.9632333517074585,
        0.9638500213623047,
        0.9646999835968018,
        0.9650166630744934,
        0.9657666683197021,
        0.9662500023841858,
        0.9668166637420654,
        0.9672333598136902,
        0.9676833152770996,
        0.9680500030517578,
        0.968416690826416,
        0.9689499735832214,
        0.9692999720573425,
        0.9698500037193298,
        0.9702000021934509,
        0.9705666899681091,
        0.9709333181381226,
        0.9714333415031433,
        0.9714499711990356,
        0.972000002861023,
        0.972266674041748,
        0.9726999998092651,
        0.9729499816894531,
        0.9735166430473328,
        0.974049985408783,
        0.974216639995575,
        0.9745500087738037,
        0.9747833609580994,
        0.9750666618347168,
        0.9753166437149048,
        0.9757333397865295,
        0.9759166836738586,
        0.9761833548545837,
        0.9763666391372681,
        0.9765833616256714,
        0.9768999814987183,
        0.977150022983551,
        0.9774166941642761,
        0.9775999784469604,
        0.9777166843414307,
        0.9779166579246521,
        0.9781000018119812,
        0.9784500002861023,
        0.9784666895866394,
        0.9785666465759277,
        0.978866696357727,
        0.9792166948318481,
        0.9793999791145325,
        0.979616641998291,
        0.9797000288963318,
        0.9798166751861572,
        0.9799000024795532,
        0.9801666736602783,
        0.9801666736602783,
        0.9805166721343994,
        0.9805499911308289
    ],