{"epochs": [10, 20, 30, 40, 50, 60, 70, 80, 90, 100, 110, 120, 130, 140, 150, 160, 170, 180, 190, 200, 200], "train_loss": [2.235755443572998, 1.987633228302002, 1.5712814331054688, 1.3143658638000488, 1.1643649339675903, 1.0596941709518433, 0.981050431728363, 0.9182618856430054, 0.8659567832946777, 0.822030782699585, 0.7847266793251038, 0.7525777816772461, 0.7245784997940063, 0.6994261145591736, 0.6776243448257446, 0.6579599976539612, 0.6396994590759277, 0.622265636920929, 0.6068229675292969, 0.5922457575798035, 0.5922457575798035], "train_accuracy": [0.3303999900817871, 0.4441833198070526, 0.595716655254364, 0.6490333080291748, 0.6781499981880188, 0.7020833492279053, 0.7231000065803528, 0.7415833473205566, 0.7550833225250244, 0.7666666507720947, 0.7771333456039429, 0.785266637802124, 0.7923499941825867, 0.7985833287239075, 0.8040333390235901, 0.8097833395004272, 0.8144500255584717, 0.8195666670799255, 0.8242666721343994, 0.8283500075340271, 0.8283500075340271], "test_loss": [2.2522878646850586, 2.073493719100952, 1.7973136901855469, 1.6401275396347046, 1.541114330291748, 1.4647822380065918, 1.4038165807724, 1.3507376909255981, 1.3042044639587402, 1.263643503189087, 1.2279653549194336, 1.1965351104736328, 1.168210744857788, 1.1425702571868896, 1.1187734603881836, 1.0966540575027466, 1.0769023895263672, 1.0569748878479004, 1.0392929315567017, 1.0227842330932617, 1.0227842330932617], "test_accuracy": [0.2551000118255615, 0.3434999883174896, 0.4724999964237213, 0.5074999928474426, 0.5286999940872192, 0.5496000051498413, 0.5716999769210815, 0.588100016117096, 0.6064000129699707, 0.6208000183105469, 0.6294000148773193, 0.6384000182151794, 0.6453999876976013, 0.651199996471405, 0.6583999991416931, 0.6639999747276306, 0.6693000197410583, 0.6732000112533569, 0.6769999861717224, 0.6820999979972839, 0.6820999979972839]}