{"epochs": [10, 20, 30, 40, 50, 60, 70, 80, 90, 100, 110, 120, 130, 140, 150, 160, 170, 180, 190, 200], "train_loss": [1.7279325723648071, 1.198477864265442, 0.9744357466697693, 0.8451184034347534, 0.7552255988121033, 0.6905199885368347, 0.6398987770080566, 0.5975138545036316, 0.5625478029251099, 0.5323972105979919, 0.5052236914634705, 0.48140400648117065, 0.45959222316741943, 0.43997806310653687, 0.42193594574928284, 0.40484121441841125, 0.3894817531108856, 0.37464436888694763, 0.36130252480506897, 0.3478795886039734], "train_accuracy": [0.6111166477203369, 0.6901333332061768, 0.7243499755859375, 0.758483350276947, 0.7836666703224182, 0.8007000088691711, 0.8163166642189026, 0.8274833559989929, 0.837066650390625, 0.8453999757766724, 0.8525833487510681, 0.8594499826431274, 0.8654000163078308, 0.8707000017166138, 0.8765833377838135, 0.8812999725341797, 0.8855166435241699, 0.8896833062171936, 0.8934166431427002, 0.897516667842865], "test_loss": [1.9101167917251587, 1.568540334701538, 1.3990845680236816, 1.2819592952728271, 1.1954281330108643, 1.1278382539749146, 1.0712571144104004, 1.0241649150848389, 0.9829893708229065, 0.944899320602417, 0.9110032916069031, 0.8832705020904541, 0.8533663153648376, 0.8276860117912292, 0.802463948726654, 0.7800171375274658, 0.7580932378768921, 0.7387804388999939, 0.719555675983429, 0.7016403079032898], "test_accuracy": [0.459199994802475, 0.5299000144004822, 0.5634999871253967, 0.6065999865531921, 0.6366999745368958, 0.6575999855995178, 0.6710000038146973, 0.684499979019165, 0.6958000063896179, 0.704800009727478, 0.7125999927520752, 0.7186999917030334, 0.7296000123023987, 0.7364000082015991, 0.744700014591217, 0.7519999742507935, 0.7597000002861023, 0.7651000022888184, 0.7709000110626221, 0.7767000198364258]}