{"epochs": [6, 11, 16, 22, 27, 32, 38, 43, 48, 53, 59, 64, 69, 75, 80, 85, 90, 96, 101, 106, 112, 117, 122, 127, 133, 138, 143, 149, 154, 159, 164, 170, 175, 180, 186, 191, 196, 200], "train_loss": [2.0030293464660645, 1.2839152812957764, 0.9773558974266052, 0.8191485404968262, 0.7197619676589966, 0.6487039923667908, 0.5929539799690247, 0.5468147397041321, 0.5082258582115173, 0.4743048846721649, 0.44534891843795776, 0.4189014434814453, 0.3955971598625183, 0.374843955039978, 0.35630932450294495, 0.33922311663627625, 0.32432425022125244, 0.31058469414711, 0.2981007695198059, 0.28660884499549866, 0.27627792954444885, 0.266629695892334, 0.25765806436538696, 0.24939817190170288, 0.2414914220571518, 0.23458576202392578, 0.22781601548194885, 0.22153517603874207, 0.21637585759162903, 0.21029415726661682, 0.20558838546276093, 0.20051278173923492, 0.19594262540340424, 0.19164784252643585, 0.1874808520078659, 0.18392550945281982, 0.18020731210708618, 0.1774461418390274], "train_accuracy": [0.5981500148773193, 0.6865166425704956, 0.7286666631698608, 0.7681666612625122, 0.7925333380699158, 0.8118000030517578, 0.8276333212852478, 0.8405666947364807, 0.8525999784469604, 0.8627166748046875, 0.8713833093643188, 0.8774999976158142, 0.8837166428565979, 0.888949990272522, 0.8939499855041504, 0.8985999822616577, 0.9027166962623596, 0.9070833325386047, 0.9104333519935608, 0.9136666655540466, 0.9167333245277405, 0.9199666380882263, 0.9228500127792358, 0.9251499772071838, 0.9274666905403137, 0.9291166663169861, 0.9312833547592163, 0.9330666661262512, 0.934583306312561, 0.9366000294685364, 0.9380499720573425, 0.9399499893188477, 0.9413999915122986, 0.9433666467666626, 0.944433331489563, 0.9457166790962219, 0.9469833374023438, 0.9477999806404114], "test_loss": [2.089656352996826, 1.6270536184310913, 1.4030815362930298, 1.260891079902649, 1.1642813682556152, 1.092921495437622, 1.0322363376617432, 0.9769161939620972, 0.932755172252655, 0.8894590139389038, 0.8524281978607178, 0.8175128102302551, 0.7874795198440552, 0.7594496011734009, 0.7334166169166565, 0.7081362009048462, 0.6882439851760864, 0.6691721677780151, 0.6503273844718933, 0.633124828338623, 0.6168570518493652, 0.6033538579940796, 0.5879600048065186, 0.5774237513542175, 0.5647006034851074, 0.5538095235824585, 0.5439820289611816, 0.5328118205070496, 0.5253249406814575, 0.5147668719291687, 0.506887674331665, 0.499293714761734, 0.49043720960617065, 0.48338931798934937, 0.47740423679351807, 0.4717353880405426, 0.4644109308719635, 0.45935317873954773], "test_accuracy": [0.4690999984741211, 0.5224000215530396, 0.5655999779701233, 0.6121000051498413, 0.64410001039505, 0.6661999821662903, 0.6837999820709229, 0.696399986743927, 0.7095000147819519, 0.7190999984741211, 0.7294999957084656, 0.7371000051498413, 0.7443000078201294, 0.7544999718666077, 0.7631999850273132, 0.7710999846458435, 0.7766000032424927, 0.7825000286102295, 0.7900999784469604, 0.7954000234603882, 0.8001000285148621, 0.8034999966621399, 0.8097000122070312, 0.8130999803543091, 0.817300021648407, 0.8212000131607056, 0.8245999813079834, 0.8285999894142151, 0.8317000269889832, 0.8364999890327454, 0.8392000198364258, 0.8425999879837036, 0.8461999893188477, 0.8482000231742859, 0.8500000238418579, 0.8537999987602234, 0.8568000197410583, 0.8586000204086304]}