{"epochs": [6, 11, 16, 22, 27, 32, 38, 43, 48, 53, 59, 64, 69, 75, 80, 85, 90, 96, 101, 106, 112, 117, 122, 127, 133, 138, 143, 149, 154, 159, 164, 170, 175, 180, 186, 191, 196, 200], "train_loss": [2.198829412460327, 1.7913824319839478, 1.3583256006240845, 1.1627014875411987, 1.0398521423339844, 0.9502792954444885, 0.8806719183921814, 0.8226776719093323, 0.7764103412628174, 0.7365683317184448, 0.703616201877594, 0.67327481508255, 0.6466368436813354, 0.6235582232475281, 0.6029788851737976, 0.583501935005188, 0.5646251440048218, 0.5481253862380981, 0.5322993993759155, 0.5172610878944397, 0.5030677318572998, 0.4892948269844055, 0.47692030668258667, 0.4653337597846985, 0.45307081937789917, 0.44170254468917847, 0.43150028586387634, 0.4222237765789032, 0.4115680754184723, 0.40359899401664734, 0.39381229877471924, 0.385623037815094, 0.37768393754959106, 0.36979007720947266, 0.36227846145629883, 0.35446682572364807, 0.34773698449134827, 0.34233924746513367], "train_accuracy": [0.4535166621208191, 0.5384500026702881, 0.6428166627883911, 0.6789500117301941, 0.7028666734695435, 0.7282833456993103, 0.7498666644096375, 0.7650833129882812, 0.7782833576202393, 0.7893499732017517, 0.7991666793823242, 0.8073166608810425, 0.8144000172615051, 0.8207666873931885, 0.8271166682243347, 0.8329499959945679, 0.8380500078201294, 0.8435666561126709, 0.8477166891098022, 0.8521000146865845, 0.8559666872024536, 0.8599333167076111, 0.8633166551589966, 0.8664500117301941, 0.870033323764801, 0.8734333515167236, 0.8764333128929138, 0.8790500164031982, 0.8815666437149048, 0.8834499716758728, 0.8863333463668823, 0.888533353805542, 0.8907166719436646, 0.8927500247955322, 0.8946666717529297, 0.8966833353042603, 0.8985666632652283, 0.9000999927520752], "test_loss": [2.2327215671539307, 1.9643172025680542, 1.7138187885284424, 1.5970860719680786, 1.50859534740448, 1.4297305345535278, 1.3578640222549438, 1.2959883213043213, 1.2432842254638672, 1.196480393409729, 1.1590898036956787, 1.1254793405532837, 1.0951186418533325, 1.0656861066818237, 1.0421879291534424, 1.0165966749191284, 0.9947153329849243, 0.9740417003631592, 0.9551374912261963, 0.9344224333763123, 0.9184336066246033, 0.9023809432983398, 0.8855757713317871, 0.8690087795257568, 0.854254961013794, 0.8409188389778137, 0.8282275199890137, 0.8139722347259521, 0.8024513721466064, 0.7897531986236572, 0.7754191160202026, 0.7653921246528625, 0.7536560893058777, 0.7417600750923157, 0.7326180338859558, 0.7212417721748352, 0.7124701738357544, 0.7040602564811707], "test_accuracy": [0.33489999175071716, 0.40459999442100525, 0.47769999504089355, 0.5087000131607056, 0.5300999879837036, 0.5597000122070312, 0.5834000110626221, 0.6018000245094299, 0.616599977016449, 0.6327999830245972, 0.6442000269889832, 0.654699981212616, 0.666100025177002, 0.6723999977111816, 0.6794999837875366, 0.6872000098228455, 0.6926000118255615, 0.6972000002861023, 0.7026000022888184, 0.7095000147819519, 0.7124000191688538, 0.717199981212616, 0.7214000225067139, 0.7264999747276306, 0.7296000123023987, 0.7329000234603882, 0.7368000149726868, 0.7416999936103821, 0.7444999814033508, 0.7487000226974487, 0.7534000277519226, 0.7559999823570251, 0.7608000040054321, 0.7645000219345093, 0.7674999833106995, 0.7706000208854675, 0.7738999724388123, 0.7778000235557556]}