{"epochs": [6, 11, 16, 22, 27, 32, 38, 43, 48, 53, 59, 64, 69, 75, 80, 85, 90, 96, 101, 106, 112, 117, 122, 127, 133, 138, 143, 149, 154, 159, 164, 170, 175, 180, 186, 191, 196, 200], "train_loss": [1.6447588205337524, 0.9966105222702026, 0.7955421209335327, 0.6830738186836243, 0.6074957847595215, 0.5526716709136963, 0.5107101202011108, 0.4771721661090851, 0.4473978877067566, 0.4222310185432434, 0.401555597782135, 0.38179633021354675, 0.36497870087623596, 0.34860530495643616, 0.3344012498855591, 0.32086625695228577, 0.3091038763523102, 0.29678693413734436, 0.28596004843711853, 0.2761564552783966, 0.26665589213371277, 0.25816723704338074, 0.24922841787338257, 0.24199378490447998, 0.2343009114265442, 0.22783342003822327, 0.2213243544101715, 0.2155027538537979, 0.20917361974716187, 0.20405937731266022, 0.199263796210289, 0.19443753361701965, 0.18985727429389954, 0.1853581666946411, 0.18096961081027985, 0.1771090030670166, 0.1733313798904419, 0.17049859464168549], "train_accuracy": [0.611050009727478, 0.7221166491508484, 0.7698333263397217, 0.8008999824523926, 0.8213333487510681, 0.8375499844551086, 0.8499000072479248, 0.8595333099365234, 0.8681666851043701, 0.8755000233650208, 0.8815833330154419, 0.8873000144958496, 0.8918333053588867, 0.8966333270072937, 0.9012166857719421, 0.9051333069801331, 0.9090666770935059, 0.9125166535377502, 0.9157000184059143, 0.9191166758537292, 0.9218999743461609, 0.9247166514396667, 0.9268500208854675, 0.9291666746139526, 0.9317833185195923, 0.9339166879653931, 0.9359833598136902, 0.9380666613578796, 0.9397000074386597, 0.9408666491508484, 0.9420999884605408, 0.9434666633605957, 0.9447166919708252, 0.9461666941642761, 0.9474833607673645, 0.9485999941825867, 0.9494666457176208, 0.9506000280380249], "test_loss": [1.8482279777526855, 1.4306979179382324, 1.250099778175354, 1.1300777196884155, 1.0395851135253906, 0.9762948155403137, 0.9221630692481995, 0.8806037306785583, 0.842538058757782, 0.8062572479248047, 0.7808244824409485, 0.751229465007782, 0.7304626703262329, 0.7062262296676636, 0.6866212487220764, 0.6661195755004883, 0.648658275604248, 0.6301244497299194, 0.6164190769195557, 0.6000812649726868, 0.5859919190406799, 0.573434591293335, 0.558885931968689, 0.5503904223442078, 0.538493275642395, 0.5304838418960571, 0.5197345018386841, 0.5112144351005554, 0.501110315322876, 0.4953373968601227, 0.48797890543937683, 0.4778890013694763, 0.4745781719684601, 0.46565815806388855, 0.45909956097602844, 0.4546549916267395, 0.448803573846817, 0.4425143003463745], "test_accuracy": [0.4756999909877777, 0.5597000122070312, 0.6190999746322632, 0.6557000279426575, 0.6783000230789185, 0.6948999762535095, 0.7098000049591064, 0.7190999984741211, 0.7283999919891357, 0.7390000224113464, 0.745199978351593, 0.7544000148773193, 0.7612000107765198, 0.7700999975204468, 0.7775999903678894, 0.78329998254776, 0.7908999919891357, 0.7972999811172485, 0.8022000193595886, 0.8070999979972839, 0.8118000030517578, 0.8169000148773193, 0.8227999806404114, 0.8270000219345093, 0.830299973487854, 0.8330000042915344, 0.8373000025749207, 0.8402000069618225, 0.8454999923706055, 0.8464999794960022, 0.8496999740600586, 0.8525000214576721, 0.8529000282287598, 0.8562999963760376, 0.859000027179718, 0.8605999946594238, 0.8615999817848206, 0.864799976348877]}