{"epochs": [6, 11, 16, 22, 27, 32, 38, 43, 48, 53, 59, 64, 69, 75, 80, 85, 90, 96, 101, 106, 112, 117, 122, 127, 133, 138, 143, 149, 154, 159, 164, 170, 175, 180, 186, 191, 196, 200], "train_loss": [2.156374216079712, 1.7180167436599731, 1.3061280250549316, 1.0830199718475342, 0.9492831230163574, 0.8532006740570068, 0.7798320055007935, 0.7229760885238647, 0.6721603870391846, 0.6294615864753723, 0.5923628211021423, 0.558829128742218, 0.5280539989471436, 0.5000813603401184, 0.4742051064968109, 0.45244288444519043, 0.4321514666080475, 0.4134487509727478, 0.39698538184165955, 0.38234642148017883, 0.36798667907714844, 0.3556970953941345, 0.34384143352508545, 0.3330243229866028, 0.3238200843334198, 0.3144661784172058, 0.30575698614120483, 0.29777786135673523, 0.2906109094619751, 0.2840080261230469, 0.27708742022514343, 0.27065858244895935, 0.26508772373199463, 0.25987085700035095, 0.2546005845069885, 0.24954406917095184, 0.24472112953662872, 0.24120992422103882], "train_accuracy": [0.512233316898346, 0.6326166391372681, 0.678766667842865, 0.7106833457946777, 0.7363333106040955, 0.7593833208084106, 0.7781166434288025, 0.7936499714851379, 0.8068333268165588, 0.8183833360671997, 0.8285166621208191, 0.8377500176429749, 0.8460000157356262, 0.8538833260536194, 0.8612666726112366, 0.8676499724388123, 0.8732666373252869, 0.878350019454956, 0.8829833269119263, 0.8877000212669373, 0.8917166590690613, 0.8954333066940308, 0.8991333246231079, 0.9022666811943054, 0.9052500128746033, 0.9083166718482971, 0.9104666709899902, 0.9121999740600586, 0.9147666692733765, 0.9167333245277405, 0.9186166524887085, 0.9205999970436096, 0.9224166870117188, 0.9240999817848206, 0.9254000186920166, 0.9270833134651184, 0.9284999966621399, 0.9292833209037781], "test_loss": [2.200340509414673, 1.9052810668945312, 1.6360059976577759, 1.4798308610916138, 1.3731826543807983, 1.2879036664962769, 1.2162283658981323, 1.1586817502975464, 1.1059843301773071, 1.0619876384735107, 1.0222233533859253, 0.9867132902145386, 0.9503262639045715, 0.9173123836517334, 0.8874480724334717, 0.8611003756523132, 0.8362568616867065, 0.8136813640594482, 0.793113112449646, 0.7743722200393677, 0.7562001943588257, 0.7398931384086609, 0.7251344323158264, 0.7088977098464966, 0.6960808634757996, 0.6837710738182068, 0.6716760993003845, 0.6611977815628052, 0.6513800024986267, 0.6402507424354553, 0.6294659972190857, 0.6209431886672974, 0.6118136644363403, 0.6043985486030579, 0.5959697365760803, 0.589236319065094, 0.5809351801872253, 0.5757282972335815], "test_accuracy": [0.35600000619888306, 0.4708000123500824, 0.508400022983551, 0.5356000065803528, 0.565500020980835, 0.5918999910354614, 0.6169000267982483, 0.632099986076355, 0.6496999859809875, 0.6621999740600586, 0.6736999750137329, 0.6823999881744385, 0.6934000253677368, 0.703499972820282, 0.7135000228881836, 0.7214999794960022, 0.7282999753952026, 0.7343999743461609, 0.741599977016449, 0.7483000159263611, 0.7549999952316284, 0.7590000033378601, 0.7642999887466431, 0.7699999809265137, 0.7746000289916992, 0.7789000272750854, 0.78329998254776, 0.7871999740600586, 0.789900004863739, 0.7944999933242798, 0.7989000082015991, 0.8033999800682068, 0.807200014591217, 0.8098999857902527, 0.8129000067710876, 0.8144000172615051, 0.8170999884605408, 0.8191999793052673]}